threads,execucao,tempo_segundos
1,1,109.710000
2,1,104.530000
4,1,70.590000
8,1,128.160000
12,1,251.520000
