threads,tempo_medio_segundos
1,109.710000
2,104.530000
4,70.590000
8,128.160000
12,251.520000
